lead_sponsor,n_trials,share_pct
Novo Nordisk A/S,388,19.866871479774705
Eli Lilly and Company,207,10.599078341013826
AstraZeneca,85,4.352278545826933
Sanofi,50,2.5601638504864312
GlaxoSmithKline,38,1.9457245263696878
Brigham and Women's Hospital,27,1.3824884792626728
Radboud University Medical Center,18,0.9216589861751152
University Medical Centre Ljubljana,17,0.8704557091653866
Intarcia Therapeutics,15,0.7680491551459293
Mayo Clinic,14,0.7168458781362007
"University of Colorado, Denver",12,0.6144393241167435
The University of Texas Health Science Center at San Antonio,11,0.5632360471070148
University at Buffalo,11,0.5632360471070148
"University Health Network, Toronto",11,0.5632360471070148
Yale University,10,0.5120327700972862
"The University of Texas Health Science Center, Houston",9,0.4608294930875576
Henrik Gudbergsen,9,0.4608294930875576
"University Hospital, Basel, Switzerland",9,0.4608294930875576
Merck Sharp & Dohme LLC,9,0.4608294930875576
Vanderbilt University Medical Center,8,0.409626216077829
"Amsterdam UMC, location VUmc",8,0.409626216077829
Imperial College London,7,0.35842293906810035
Hvidovre University Hospital,7,0.35842293906810035
University of Minnesota,7,0.35842293906810035
Fudan University,6,0.30721966205837176
Boehringer Ingelheim,6,0.30721966205837176
The Cleveland Clinic,6,0.30721966205837176
The Affiliated Nanjing Drum Tower Hospital of Nanjing University Medical School,6,0.30721966205837176
Steno Diabetes Center Copenhagen,6,0.30721966205837176
Stanford University,6,0.30721966205837176
University of Virginia,6,0.30721966205837176
University of Texas Southwestern Medical Center,6,0.30721966205837176
"Hangzhou Zhongmei Huadong Pharmaceutical Co., Ltd.",6,0.30721966205837176
University of Miami,6,0.30721966205837176
RenJi Hospital,6,0.30721966205837176
Xiangya Hospital of Central South University,6,0.30721966205837176
"University Hospital, Gentofte, Copenhagen",6,0.30721966205837176
Innovent Biologics (Suzhou) Co. Ltd.,6,0.30721966205837176
"University College, London",6,0.30721966205837176
Emory University,6,0.30721966205837176
HealthPartners Institute,5,0.2560163850486431
Centre Hospitalier Universitaire Dijon,5,0.2560163850486431
Dasman Diabetes Institute,5,0.2560163850486431
Beijing Chao Yang Hospital,5,0.2560163850486431
"Beijing Dongfang Biotech Co., Ltd.",5,0.2560163850486431
Hoffmann-La Roche,5,0.2560163850486431
"PegBio Co., Ltd.",5,0.2560163850486431
University of Chicago,5,0.2560163850486431
"University of North Carolina, Chapel Hill",5,0.2560163850486431
University of Palermo,5,0.2560163850486431
University of Pennsylvania,5,0.2560163850486431
"Anders Fink-Jensen, MD, DMSci",5,0.2560163850486431
Hanmi Pharmaceutical Company Limited,5,0.2560163850486431
Medical University of Vienna,5,0.2560163850486431
Chinese PLA General Hospital,4,0.2048131080389145
Pfizer,4,0.2048131080389145
Gilead Sciences,4,0.2048131080389145
Sun Yat-sen University,4,0.2048131080389145
Second Xiangya Hospital of Central South University,4,0.2048131080389145
"BrightGene Bio-Medical Technology Co., Ltd.",4,0.2048131080389145
Shanghai Zhongshan Hospital,4,0.2048131080389145
"Rigshospitalet, Denmark",4,0.2048131080389145
Albert Einstein College of Medicine,4,0.2048131080389145
Baylor College of Medicine,4,0.2048131080389145
LMC Diabetes & Endocrinology Ltd.,4,0.2048131080389145
"Mount Sinai Hospital, Canada",4,0.2048131080389145
University of Aarhus,4,0.2048131080389145
Massachusetts General Hospital,4,0.2048131080389145
University of Tartu,4,0.2048131080389145
Cambridge University Hospitals NHS Foundation Trust,4,0.2048131080389145
"CSPC ZhongQi Pharmaceutical Technology Co., Ltd.",4,0.2048131080389145
Washington University School of Medicine,4,0.2048131080389145
Woman's,4,0.2048131080389145
"CSPC Baike (Shandong) Biopharmaceutical Co., Ltd.",4,0.2048131080389145
National and Kapodistrian University of Athens,3,0.15360983102918588
Duke University,3,0.15360983102918588
Seattle Children's Hospital,3,0.15360983102918588
"Second Affiliated Hospital, School of Medicine, Zhejiang University",3,0.15360983102918588
Beth Israel Deaconess Medical Center,3,0.15360983102918588
The Affiliated Hospital of Xuzhou Medical University,3,0.15360983102918588
Johns Hopkins University,3,0.15360983102918588
"Chia Tai Tianqing Pharmaceutical Group Co., Ltd.",3,0.15360983102918588
The First Affiliated Hospital of Xiamen University,3,0.15360983102918588
The University of Hong Kong,3,0.15360983102918588
Baylor Research Institute,3,0.15360983102918588
Third Military Medical University,3,0.15360983102918588
Karolinska Institutet,3,0.15360983102918588
Universitaire Ziekenhuizen KU Leuven,3,0.15360983102918588
Azienda Ospedaliero-Universitaria di Parma,3,0.15360983102918588
Chinese University of Hong Kong,3,0.15360983102918588
Academisch Medisch Centrum - Universiteit van Amsterdam (AMC-UvA),3,0.15360983102918588
Assistance Publique - Hôpitaux de Paris,3,0.15360983102918588
Hospices Civils de Lyon,3,0.15360983102918588
Ali Aminian,3,0.15360983102918588
"Canadian Network for Observational Drug Effect Studies, CNODES",3,0.15360983102918588
"Fujian Shengdi Pharmaceutical Co., Ltd.",3,0.15360983102918588
University of Alberta,3,0.15360983102918588
"University of California, Los Angeles",3,0.15360983102918588
"Neuraly, Inc.",3,0.15360983102918588
Leiden University Medical Center,3,0.15360983102918588
University of Florida,3,0.15360983102918588
University of Leicester,3,0.15360983102918588
University College Dublin,3,0.15360983102918588
"Jiangsu HengRui Medicine Co., Ltd.",3,0.15360983102918588
"Nanjing First Hospital, Nanjing Medical University",3,0.15360983102918588
University of Oulu,3,0.15360983102918588
"Children's Hospital Medical Center, Cincinnati",3,0.15360983102918588
Peking Union Medical College Hospital,3,0.15360983102918588
Ain Shams University,3,0.15360983102918588
"Jiangsu Hansoh Pharmaceutical Co., Ltd.",3,0.15360983102918588
National Institute of Diabetes and Digestive and Kidney Diseases (NIDDK),3,0.15360983102918588
University of Washington,3,0.15360983102918588
King's College London,3,0.15360983102918588
Population Health Research Institute,3,0.15360983102918588
Profil Institut für Stoffwechselforschung GmbH,3,0.15360983102918588
McGill University Health Centre/Research Institute of the McGill University Health Centre,3,0.15360983102918588
"University of Maryland, Baltimore",3,0.15360983102918588
Pennington Biomedical Research Center,2,0.10240655401945725
"Peptron, Inc.",2,0.10240655401945725
Peter Rossing,2,0.10240655401945725
Cinnagen,2,0.10240655401945725
Phoenix VA Health Care System,2,0.10240655401945725
Huashan Hospital,2,0.10240655401945725
"Post Graduate Institute of Medical Education and Research, Chandigarh",2,0.10240655401945725
Hudson Biotech,2,0.10240655401945725
Psychiatric Centre Rigshospitalet,2,0.10240655401945725
"Qilu Pharmaceutical Co., Ltd.",2,0.10240655401945725
Amgen,2,0.10240655401945725
Regeneron Pharmaceuticals,2,0.10240655401945725
Anna Cruceta,2,0.10240655401945725
Cliniques universitaires Saint-Luc- Université Catholique de Louvain,2,0.10240655401945725
Rijnstate Hospital,2,0.10240655401945725
"Rutgers, The State University of New Jersey",2,0.10240655401945725
S.LAB (SOLOWAYS),2,0.10240655401945725
Arrowhead Pharmaceuticals,2,0.10240655401945725
Gan & Lee Pharmaceuticals.,2,0.10240655401945725
"Gan and Lee Pharmaceuticals, USA",2,0.10240655401945725
Garvan Institute of Medical Research,2,0.10240655401945725
Seoul National University Hospital,2,0.10240655401945725
Shahid Beheshti University of Medical Sciences,2,0.10240655401945725
Shanghai 10th People's Hospital,2,0.10240655401945725
Geisinger Clinic,2,0.10240655401945725
Signe Torekov,2,0.10240655401945725
"General Committee of Teaching Hospitals and Institutes, Egypt",2,0.10240655401945725
State University of New York at Buffalo,2,0.10240655401945725
Attikon Hospital,2,0.10240655401945725
"Ian J. Neeland, MD",2,0.10240655401945725
"Sunshine Lake Pharma Co., Ltd.",2,0.10240655401945725
"Taipei Veterans General Hospital, Taiwan",2,0.10240655401945725
Temple University,2,0.10240655401945725
Texas Tech University,2,0.10240655401945725
Medical University of Graz,2,0.10240655401945725
Indiana University,2,0.10240655401945725
Loma Linda University,2,0.10240655401945725
Hadassah Medical Organization,2,0.10240655401945725
Bispebjerg Hospital,2,0.10240655401945725
Instituto Mexicano del Seguro Social,2,0.10240655401945725
Bo Feldt-Rasmussen,2,0.10240655401945725
"Hangzhou Jiuyuan Gene Engineering Co. Ltd.,",2,0.10240655401945725
Tina Vilsboll,2,0.10240655401945725
"Tonghua Dongbao Pharmaceutical Co.,Ltd",2,0.10240655401945725
"Hangzhou Sciwind Biosciences Co., Ltd.",2,0.10240655401945725
Carl T. Hayden VA Medical Center,2,0.10240655401945725
Esbjerg Hospital - University Hospital of Southern Denmark,2,0.10240655401945725
Federico II University,2,0.10240655401945725
Filip Krag Knop,2,0.10240655401945725
University Hospital Tuebingen,2,0.10240655401945725
Katarina Kos,2,0.10240655401945725
Centre Hospitalier Universitaire de Besancon,2,0.10240655401945725
Hospital Israelita Albert Einstein,2,0.10240655401945725
Hospital Universitari Vall d'Hebron Research Institute,2,0.10240655401945725
"Janssen Research & Development, LLC",2,0.10240655401945725
"Charles University, Czech Republic",2,0.10240655401945725
University of Athens,2,0.10240655401945725
"University of California, Davis",2,0.10240655401945725
"Chen Wei Ren, MD",2,0.10240655401945725
"University of California, San Diego",2,0.10240655401945725
University of Campania Luigi Vanvitelli,2,0.10240655401945725
Fondation Hôpital Saint-Joseph,2,0.10240655401945725
Children's Hospital Los Angeles,2,0.10240655401945725
University of Copenhagen,2,0.10240655401945725
"Medanta, The Medicity, India",2,0.10240655401945725
China-Japan Friendship Hospital,2,0.10240655401945725
University of Luebeck,2,0.10240655401945725
Milton S. Hershey Medical Center,2,0.10240655401945725
Chinese Academy of Sciences,2,0.10240655401945725
University of Michigan,2,0.10240655401945725
UNC Lineberger Comprehensive Cancer Center,2,0.10240655401945725
University of New Mexico,2,0.10240655401945725
National Institute on Drug Abuse (NIDA),2,0.10240655401945725
University of Nottingham,2,0.10240655401945725
National University of Singapore,2,0.10240655401945725
University of Oxford,2,0.10240655401945725
University of Padova,2,0.10240655401945725
Cedars-Sinai Medical Center,2,0.10240655401945725
Nazarbayev University,2,0.10240655401945725
4Moving Biotech,2,0.10240655401945725
Nordsjaellands Hospital,2,0.10240655401945725
Novartis Pharmaceuticals,2,0.10240655401945725
Aalborg University Hospital,2,0.10240655401945725
Universitätsklinikum Hamburg-Eppendorf,2,0.10240655401945725
Uppsala University,2,0.10240655401945725
Vanda Pharmaceuticals,2,0.10240655401945725
Ohio State University,2,0.10240655401945725
Veru Inc.,2,0.10240655401945725
"Vivani Medical, Inc",2,0.10240655401945725
Parker Research Institute,2,0.10240655401945725
Weill Medical College of Cornell University,2,0.10240655401945725
"Western University, Canada",2,0.10240655401945725
Christina Kruuse,2,0.10240655401945725
AgelessRx,2,0.10240655401945725
Peking University Third Hospital,2,0.10240655401945725
Zealand University Hospital,2,0.10240655401945725
Zuyderland Medisch Centrum,2,0.10240655401945725
GRADE Study Group,1,0.051203277009728626
"GT Metabolic Solutions, Inc.",1,0.051203277009728626
General and Teaching Hospital Celje,1,0.051203277009728626
"Genexine, Inc.",1,0.051203277009728626
Georgetown University,1,0.051203277009728626
Georgios Papadakis,1,0.051203277009728626
German Diabetes Center,1,0.051203277009728626
Geropharm,1,0.051203277009728626
"Glostrup University Hospital, Copenhagen",1,0.051203277009728626
Grace Kim,1,0.051203277009728626
"Guangdong Raynovent Biotech Co., Ltd",1,0.051203277009728626
Göteborg University,1,0.051203277009728626
"Halia Therapeutics, Inc.",1,0.051203277009728626
Hamilton Health Sciences Corporation,1,0.051203277009728626
"Haugaard, Steen Bendix, M.D., DMSc",1,0.051203277009728626
Haukeland University Hospital,1,0.051203277009728626
Helsinki University Central Hospital,1,0.051203277009728626
Hillel Yaffe Medical Center,1,0.051203277009728626
Hospital Universitari de Bellvitge,1,0.051203277009728626
Hospital Universitario Dr. Jose E. Gonzalez,1,0.051203277009728626
Hospital Universitario San Ignacio,1,0.051203277009728626
Hospital de Clinicas de Porto Alegre,1,0.051203277009728626
Huazhong University of Science and Technology,1,0.051203277009728626
I.R.C.C.S Ospedale Galeazzi-Sant'Ambrogio,1,0.051203277009728626
INQUIS Clinical Research,1,0.051203277009728626
Iain Bressendorff,1,0.051203277009728626
Ikaria Bioscience Pty Ltd,1,0.051203277009728626
Ildiko Lingvay,1,0.051203277009728626
Ingrid Jazet,1,0.051203277009728626
"Insel Gruppe AG, University Hospital Bern",1,0.051203277009728626
"Institut universitaire de cardiologie et de pneumologie de Québec, University Laval",1,0.051203277009728626
"Institute of Liver and Biliary Sciences, India",1,0.051203277009728626
Invex Therapeutics Ltd.,1,0.051203277009728626
Istanbul Galata University,1,0.051203277009728626
James J. Peters Veterans Affairs Medical Center,1,0.051203277009728626
Jan Frystyk,1,0.051203277009728626
Jennifer Sherr,1,0.051203277009728626
"Jens D Hove, MD,PHD",1,0.051203277009728626
Jens Faber,1,0.051203277009728626
Jesper Kjaergaard,1,0.051203277009728626
"Jinling Hospital, China",1,0.051203277009728626
Jody Dushay,1,0.051203277009728626
John Bauer,1,0.051203277009728626
Jose Seijas Amigo,1,0.051203277009728626
Joslin Diabetes Center,1,0.051203277009728626
Kailera,1,0.051203277009728626
Kaiser Permanente,1,0.051203277009728626
Karl Neff,1,0.051203277009728626
Kate Farms Inc,1,0.051203277009728626
Kelly Allison,1,0.051203277009728626
Khoo Teck Puat Hospital,1,0.051203277009728626
Kirby Institute,1,0.051203277009728626
Kirsi Pietiläinen,1,0.051203277009728626
Klaus Gottlob Müller,1,0.051203277009728626
Kristin Clemens,1,0.051203277009728626
Kyunghee University Medical Center,1,0.051203277009728626
LABORATORIOS INDUFAR,1,0.051203277009728626
LI YAN,1,0.051203277009728626
Laniado Hospital,1,0.051203277009728626
"Lecube, Albert, M.D.",1,0.051203277009728626
Lexaria Bioscience Corp.,1,0.051203277009728626
Lia Bally,1,0.051203277009728626
Lindner Center of HOPE,1,0.051203277009728626
Louisiana State University Health Sciences Center in New Orleans,1,0.051203277009728626
Lund University,1,0.051203277009728626
Lundquist Institute for Biomedical Innovation at Harbor-UCLA Medical Center,1,0.051203277009728626
M.D. Anderson Cancer Center,1,0.051203277009728626
Maastricht University Medical Center,1,0.051203277009728626
"Maisa N. Feghali, MD",1,0.051203277009728626
Mannkind Corporation,1,0.051203277009728626
Mansa,1,0.051203277009728626
Mansoura University,1,0.051203277009728626
Marlene Starr,1,0.051203277009728626
Marmara University,1,0.051203277009728626
MaryAnn Banerji,1,0.051203277009728626
Marzieh Salehi,1,0.051203277009728626
Matthew J. Budoff,1,0.051203277009728626
McMaster University,1,0.051203277009728626
MedImmune LLC,1,0.051203277009728626
Medical University of Bialystok,1,0.051203277009728626
Medical University of South Carolina,1,0.051203277009728626
Medical University of Warsaw,1,0.051203277009728626
Melissa-Rosina Pasqua,1,0.051203277009728626
Memorial Sloan Kettering Cancer Center,1,0.051203277009728626
Metabolic Center of Louisiana Research Foundation,1,0.051203277009728626
Methodist Health System,1,0.051203277009728626
Michael A. Nauck,1,0.051203277009728626
"Michael Camilleri, MD",1,0.051203277009728626
Michael Mæng,1,0.051203277009728626
Mikkel Christensen,1,0.051203277009728626
"Ministry of Health, Saudi Arabia",1,0.051203277009728626
Moahad S Dar,1,0.051203277009728626
Montefiore Medical Center,1,0.051203277009728626
Morten Frost,1,0.051203277009728626
Moscow Regional Research and Clinical Institute (MONIKI),1,0.051203277009728626
Mostafa Bahaa,1,0.051203277009728626
"9 Meters Biopharma, Inc.",1,0.051203277009728626
Mountain Diabetes and Endocrine Center,1,0.051203277009728626
Myopharm Limited,1,0.051203277009728626
Mỹ Đức Hospital,1,0.051203277009728626
NHS Greater Glasgow and Clyde,1,0.051203277009728626
NYU Langone Health,1,0.051203277009728626
Nanexa AB,1,0.051203277009728626
"Nanfang Hospital, Southern Medical University",1,0.051203277009728626
Aarhus University Hospital,1,0.051203277009728626
Nantes University Hospital,1,0.051203277009728626
National Cancer Institute (NCI),1,0.051203277009728626
National Institute of Allergy and Infectious Diseases (NIAID),1,0.051203277009728626
"National Institute of Cardiology, Warsaw, Poland",1,0.051203277009728626
Actimed Therapeutics Ltd,1,0.051203277009728626
National Institute on Aging (NIA),1,0.051203277009728626
National Institute on Alcohol Abuse and Alcoholism (NIAAA),1,0.051203277009728626
Advanced Specialty Care,1,0.051203277009728626
National Taiwan University Hospital,1,0.051203277009728626
Affiliated Hospital of Nantong University,1,0.051203277009728626
Aga Khan University,1,0.051203277009728626
Albany College of Pharmacy and Health Sciences,1,0.051203277009728626
Nemours Children's Clinic,1,0.051203277009728626
Alexandria University,1,0.051203277009728626
"Neurogastrx, Inc.",1,0.051203277009728626
Neuroscience Trials Australia,1,0.051203277009728626
Nicholas Skertich,1,0.051203277009728626
Nicolai Jacob Wewer Albrechtsen,1,0.051203277009728626
Nils Opel,1,0.051203277009728626
Nils Vlaeminck,1,0.051203277009728626
NodThera Limited,1,0.051203277009728626
Alimetry,1,0.051203277009728626
Northwestern University,1,0.051203277009728626
Alnylam Pharmaceuticals,1,0.051203277009728626
American University of Beirut Medical Center,1,0.051203277009728626
"OPKO Health, Inc.",1,0.051203277009728626
Odense University Hospital,1,0.051203277009728626
Oelisoa Andriankaja,1,0.051203277009728626
Annesofie Faurschou,1,0.051203277009728626
Oklahoma State University Center for Health Sciences,1,0.051203277009728626
Oregon Health and Science University,1,0.051203277009728626
"OrsoBio, Inc",1,0.051203277009728626
Oslo University Hospital,1,0.051203277009728626
Ospedale San Raffaele,1,0.051203277009728626
Ottawa Heart Institute Research Corporation,1,0.051203277009728626
"Palatin Technologies, Inc",1,0.051203277009728626
Apnimed,1,0.051203277009728626
"Aqua Medical, Inc.",1,0.051203277009728626
Ariel University,1,0.051203277009728626
Peking University First Hospital,1,0.051203277009728626
Peking University People's Hospital,1,0.051203277009728626
"Ascletis Pharma (China) Co., Limited",1,0.051203277009728626
"Asger Lund, MD",1,0.051203277009728626
Asian Institute Of Medical Sciences,1,0.051203277009728626
Per Løgstrup Poulsen,1,0.051203277009728626
Per-Ola Carlsson,1,0.051203277009728626
"Asian Institute of Gastroenterology, India",1,0.051203277009728626
Assistance Publique Hopitaux De Marseille,1,0.051203277009728626
PhaseBio Pharmaceuticals Inc.,1,0.051203277009728626
Axel Brandes,1,0.051203277009728626
Pontificia Universidad Catolica de Chile,1,0.051203277009728626
Popular Medical College Hospital,1,0.051203277009728626
Azienda Ospedaliero-Universitaria Consorziale Policlinico di Bari,1,0.051203277009728626
Azienda Sanitaria Locale Napoli 2 Nord,1,0.051203277009728626
"ProGen. Co., Ltd.",1,0.051203277009728626
Prof. Dr. Martin Wabitsch,1,0.051203277009728626
"Bangabandhu Sheikh Mujib Medical University, Dhaka, Bangladesh",1,0.051203277009728626
"Bangladesh Institute of Research and Rehabilitation in Diabetes, Endocrine and Metabolic Disorders",1,0.051203277009728626
Beijing Tsinghua Chang Gung Hospital,1,0.051203277009728626
QuickSilver Scientific,1,0.051203277009728626
RISE Study Group,1,0.051203277009728626
RWTH Aachen University,1,0.051203277009728626
Rabin Medical Center,1,0.051203277009728626
Bekes County Central Hospital,1,0.051203277009728626
Rebecca Ashare,1,0.051203277009728626
Beni-Suef University,1,0.051203277009728626
Region Skane,1,0.051203277009728626
Benjamin T. Miller,1,0.051203277009728626
Response Pharmaceuticals,1,0.051203277009728626
Rigmor Højland Jensen,1,0.051203277009728626
Bing He,1,0.051203277009728626
"BioAge Labs, Inc.",1,0.051203277009728626
Rodolfo Alejandro,1,0.051203277009728626
Royal Adelaide Hospital,1,0.051203277009728626
Royal Devon and Exeter NHS Foundation Trust,1,0.051203277009728626
Royal North Shore Hospital,1,0.051203277009728626
Ruhr University of Bochum,1,0.051203277009728626
Rune Skovgaard Rasmussen,1,0.051203277009728626
Biolingus,1,0.051203277009728626
Biomea Fusion Inc.,1,0.051203277009728626
Sabyasachi Sen,1,0.051203277009728626
Saint Luke's Health System,1,0.051203277009728626
San Francisco Department of Public Health,1,0.051203277009728626
San Francisco Veterans Affairs Medical Center,1,0.051203277009728626
San Raffaele Telematic University,1,0.051203277009728626
Sana Klinikum Offenbach,1,0.051203277009728626
Sandwell & West Birmingham Hospitals NHS Trust,1,0.051203277009728626
"Biomed Industries, Inc.",1,0.051203277009728626
Sansum Diabetes Research Institute,1,0.051203277009728626
"Scholar Rock, Inc.",1,0.051203277009728626
Sciema UG,1,0.051203277009728626
Sciwind Biosciences APAC CO Pty. Ltd.,1,0.051203277009728626
Scripps Translational Science Institute,1,0.051203277009728626
Biophytis,1,0.051203277009728626
Second Affiliated Hospital of Guangzhou Medical University,1,0.051203277009728626
Second Affiliated Hospital of Nanchang University,1,0.051203277009728626
Bjorn H. Ebdrup,1,0.051203277009728626
"Bostal Drug Delivery Co., Ltd",1,0.051203277009728626
Seoul National University Bundang Hospital,1,0.051203277009728626
Boston Medical Center,1,0.051203277009728626
Bristol-Myers Squibb,1,0.051203277009728626
"Shandong New Time Pharmaceutical Co., LTD",1,0.051203277009728626
CHU de Quebec-Universite Laval,1,0.051203277009728626
Shanghai East Hospital,1,0.051203277009728626
Shanghai Fengxian District Central Hospital,1,0.051203277009728626
Shanghai Jiao Tong University School of Medicine,1,0.051203277009728626
Shanghai Punan Hospital of Pudong New District,1,0.051203277009728626
"Shanghai World Leader Pharmaceutical Co., Ltd.",1,0.051203277009728626
Camillo Ricordi and Jay Skyler,1,0.051203277009728626
Sheba Medical Center,1,0.051203277009728626
"Shenzhen Institutes of Advanced Technology ,Chinese Academy of Sciences",1,0.051203277009728626
Shi Yang,1,0.051203277009728626
Sichuan Provincial People's Hospital,1,0.051203277009728626
Canadian Medical and Surgical Knowledge Translation Research Group,1,0.051203277009728626
"Skye Bioscience, Inc.",1,0.051203277009728626
South West Sydney Local Health District,1,0.051203277009728626
Srinvasan Beddhu,1,0.051203277009728626
St Andrew's Healthcare,1,0.051203277009728626
"St Vincent's University Hospital, Ireland",1,0.051203277009728626
"St. James's Hospital, Ireland",1,0.051203277009728626
St. Jude Children's Research Hospital,1,0.051203277009728626
St. Paul Heart Clinic,1,0.051203277009728626
Capital Medical University,1,0.051203277009728626
Cardenal Herrera University,1,0.051203277009728626
Stefano Rizza,1,0.051203277009728626
"Carla Greenbaum, MD",1,0.051203277009728626
Sun Pharmaceutical Industries Limited,1,0.051203277009728626
"Carmot Therapeutics, Inc.",1,0.051203277009728626
"Cascade Pharmaceuticals, Inc",1,0.051203277009728626
Swansea Bay University Health Board,1,0.051203277009728626
"Sword Health, SA",1,0.051203277009728626
"T. John Winhusen, PhD",1,0.051203277009728626
Case Western Reserve University,1,0.051203277009728626
"Talengen Institute of Life Sciences, Shenzhen, P.R. China.",1,0.051203277009728626
Tel Aviv University,1,0.051203277009728626
Tel-Aviv Sourasky Medical Center,1,0.051203277009728626
Catholic University of the Sacred Heart,1,0.051203277009728626
CellTrans Inc.,1,0.051203277009728626
The Affiliated Hospital of Qingdao University,1,0.051203277009728626
"Center for Neurology, Stockholm",1,0.051203277009728626
Center of target therapy,1,0.051203277009728626
"Central Hospital, Nancy, France",1,0.051203277009728626
The First Affiliated Hospital of Henan University of Science and Technology,1,0.051203277009728626
Centre for Addiction and Mental Health,1,0.051203277009728626
The First Affiliated Hospital with Nanjing Medical University,1,0.051203277009728626
The First Hospital of Jilin University,1,0.051203277009728626
The Fourth Affiliated Hospital of Zhejiang University School of Medicine,1,0.051203277009728626
The Society of Bariatric and Metabolic Surgeons of Kazakhstan,1,0.051203277009728626
"The United Bio-Technology (Hengqin) Co., Ltd.",1,0.051203277009728626
Centre hospitalier de l'Université de Montréal (CHUM),1,0.051203277009728626
Chang Gung Memorial Hospital,1,0.051203277009728626
Changi General Hospital,1,0.051203277009728626
"The University of Texas Medical Branch, Galveston",1,0.051203277009728626
The University of Texas at Dallas,1,0.051203277009728626
Theracos,1,0.051203277009728626
Third Affiliated Hospital of Third Military Medical University,1,0.051203277009728626
"Chengdu Brilliant Pharmaceutical Co., Ltd.",1,0.051203277009728626
Thomas Jefferson University,1,0.051203277009728626
Thomas Nystrom,1,0.051203277009728626
Tianjin Medical University,1,0.051203277009728626
Children's Hospitals and Clinics of Minnesota,1,0.051203277009728626
Tina Vilsbøll,1,0.051203277009728626
"Chinese Academy of Medical Sciences, Fuwai Hospital",1,0.051203277009728626
Tulane University School of Medicine,1,0.051203277009728626
Turku University Hospital,1,0.051203277009728626
Chittagong Medical College,1,0.051203277009728626
Unidad de Cirugia Bariatrica Hospital Civil Dr. Juan I. Menchaca,1,0.051203277009728626
United States Army Research Institute of Environmental Medicine,1,0.051203277009728626
Unity Health Toronto,1,0.051203277009728626
Christopher D. Verrico,1,0.051203277009728626
Universiti Kebangsaan Malaysia Medical Centre,1,0.051203277009728626
Chungbuk National University Hospital,1,0.051203277009728626
City of Hope Medical Center,1,0.051203277009728626
Ciusss de L'Est de l'Île de Montréal,1,0.051203277009728626
University Hospital Birmingham,1,0.051203277009728626
University Hospital Dubrava,1,0.051203277009728626
University Hospital Sestre Milosrdnice,1,0.051203277009728626
Claus Bogh Juhl,1,0.051203277009728626
Clinica Alemana de Santiago,1,0.051203277009728626
"University Hospital, Bordeaux",1,0.051203277009728626
"University Hospital, Caen",1,0.051203277009728626
"University Hospital, Geneva",1,0.051203277009728626
Clinical Hospital Centre Zagreb,1,0.051203277009728626
"University Hospital, Toulouse",1,0.051203277009728626
University Hospitals Coventry and Warwickshire NHS Trust,1,0.051203277009728626
University Medical Center Groningen,1,0.051203277009728626
"University Medical Center, Kazakhstan",1,0.051203277009728626
Closed Loop Medicine,1,0.051203277009728626
Columbia University,1,0.051203277009728626
"Command Hospital, India",1,0.051203277009728626
University of Aberdeen,1,0.051203277009728626
University of Alabama at Birmingham,1,0.051203277009728626
ConjuChem,1,0.051203277009728626
"Consano Clinical Research, LLC",1,0.051203277009728626
University of Banja Luka,1,0.051203277009728626
University of Bern,1,0.051203277009728626
University of Birmingham,1,0.051203277009728626
University of Bonn,1,0.051203277009728626
University of Calgary,1,0.051203277009728626
CorEvitas,1,0.051203277009728626
Corporacion Parc Tauli,1,0.051203277009728626
Daewoong Pharmaceutical Co. LTD.,1,0.051203277009728626
"University of California, San Francisco",1,0.051203277009728626
David Sanchez Garcia,1,0.051203277009728626
"University of Campinas, Brazil",1,0.051203277009728626
Diabetes Care Center of Nanjing Military Command,1,0.051203277009728626
University of Cincinnati,1,0.051203277009728626
"Dong-A Pharmaceutical Co., Ltd.",1,0.051203277009728626
"Dongguan HEC Biopharmaceutical R&D Co., Ltd.",1,0.051203277009728626
University of Dundee,1,0.051203277009728626
University of Erlangen-Nürnberg Medical School,1,0.051203277009728626
University of Exeter,1,0.051203277009728626
Dr Adnan Agha,1,0.051203277009728626
University of Guadalajara,1,0.051203277009728626
University of Hawaii,1,0.051203277009728626
University of Hull,1,0.051203277009728626
University of Illinois at Chicago,1,0.051203277009728626
University of Kansas Medical Center,1,0.051203277009728626
University of Leeds,1,0.051203277009728626
Dr. Christopher McGowan,1,0.051203277009728626
Dr. Md. Alimur Reza,1,0.051203277009728626
University of Manitoba,1,0.051203277009728626
Dr. Muhammad Abdulghani,1,0.051203277009728626
"University of Massachusetts, Worcester",1,0.051203277009728626
University of Melbourne,1,0.051203277009728626
Durham VA Medical Center,1,0.051203277009728626
E-DA Hospital,1,0.051203277009728626
ETH Zurich,1,0.051203277009728626
University of Missouri-Columbia,1,0.051203277009728626
East Carolina University,1,0.051203277009728626
Eastern Virginia Medical School,1,0.051203277009728626
Eccogene,1,0.051203277009728626
University of Oklahoma,1,0.051203277009728626
Ekrem Bilal Karaayvaz,1,0.051203277009728626
Elaine Chow,1,0.051203277009728626
Emirates Health Services (EHS),1,0.051203277009728626
Emma Svennberg,1,0.051203277009728626
Erasme University Hospital,1,0.051203277009728626
University of Pisa,1,0.051203277009728626
University of Roma La Sapienza,1,0.051203277009728626
University of Sao Paulo General Hospital,1,0.051203277009728626
University of Southern California,1,0.051203277009728626
University of Southern Denmark,1,0.051203277009728626
University of Surrey,1,0.051203277009728626
Eunice Kennedy Shriver National Institute of Child Health and Human Development (NICHD),1,0.051203277009728626
Eva Prescott,1,0.051203277009728626
"Federal State Budgetary Institution, V. A. Almazov Federal North-West Medical Research Centre, of the Ministry of Health",1,0.051203277009728626
First Affiliated Hospital of Fujian Medical University,1,0.051203277009728626
University of Western Sydney,1,0.051203277009728626
"University of Wisconsin, Madison",1,0.051203277009728626
University of Yaounde 1,1,0.051203277009728626
First Affiliated Hospital of Jinan University,1,0.051203277009728626
First Affiliated Hospital of Wannan Medical College,1,0.051203277009728626
VA Office of Research and Development,1,0.051203277009728626
Vancouver General Hospital,1,0.051203277009728626
First Affiliated Hospital of Wenzhou Medical University,1,0.051203277009728626
Vanderbilt University,1,0.051203277009728626
First Affiliated Hospital of Zhejiang University,1,0.051203277009728626
Vastra Gotaland Region,1,0.051203277009728626
"Florida Academic Centers Research and Education, LLC",1,0.051203277009728626
Viral N. Shah,1,0.051203277009728626
Virginia Commonwealth University,1,0.051203277009728626
"Flyvbjerg, Allan, DMSc",1,0.051203277009728626
Vladimír Džavík,1,0.051203277009728626
WW International Inc,1,0.051203277009728626
Wake Forest University Health Sciences,1,0.051203277009728626
"Foundation for Atlanta Veterans Education and Research, Inc.",1,0.051203277009728626
Wei Hu,1,0.051203277009728626
Weill Cornell Medical College in Qatar,1,0.051203277009728626
Fractyl Health Inc.,1,0.051203277009728626
Western Galilee Hospital-Nahariya,1,0.051203277009728626
Fundacion Dexeus,1,0.051203277009728626
Fundació Institut de Recerca de l'Hospital de la Santa Creu i Sant Pau,1,0.051203277009728626
Wu Qinan,1,0.051203277009728626
Xiang Guang-da,1,0.051203277009728626
Fundación Fernández-Cruz,1,0.051203277009728626
Xiaojun Chen,1,0.051203277009728626
Xijing Hospital,1,0.051203277009728626
Xinqiao Hospital of Chongqing,1,0.051203277009728626
Fundación Instituto de Estudios de Ciencias de la Salud de Castilla y León,1,0.051203277009728626
Yanbing Li,1,0.051203277009728626
Yaounde Central Hospital,1,0.051203277009728626
Yuhan Corporation,1,0.051203277009728626
Zagazig University,1,0.051203277009728626
Fundación para la Investigación del Hospital Clínico de Valencia,1,0.051203277009728626
Zhejiang Provincial People's Hospital,1,0.051203277009728626
Zoltan Pataky,1,0.051203277009728626
Zomagen Biosciences Ltd.,1,0.051203277009728626
GENGE,1,0.051203277009728626
ikfe-CRO GmbH,1,0.051203277009728626
piero portincasa,1,0.051203277009728626
xiaolong zhao,1,0.051203277009728626
