generic_name,month,n_reports,roll_mean,roll_std,zscore,is_anomaly
albiglutide,2014-09-01,3,,,,False
albiglutide,2014-10-01,10,,,,False
albiglutide,2014-11-01,25,,,,False
albiglutide,2014-12-01,36,12.666666666666666,11.239810200058244,2.0759543905120768,True
albiglutide,2015-01-01,71,18.5,14.843629385474879,3.536870844496662,True
albiglutide,2015-02-01,102,29.0,26.767517628648346,2.7271860249704525,True
albiglutide,2015-03-01,162,41.166666666666664,38.22782581663083,3.160873807287397,True
albiglutide,2015-04-01,124,67.66666666666667,56.986548120294735,0.9885373863041763,False
albiglutide,2015-05-01,116,86.66666666666667,52.76236032122395,0.5559518784745086,False
albiglutide,2015-06-01,129,101.83333333333333,43.81057710949113,0.6200937869129618,False
albiglutide,2015-07-01,162,117.33333333333333,30.19713010646324,1.479169262416313,False
albiglutide,2015-08-01,112,132.5,24.606909598728617,-0.8330993340609985,False
albiglutide,2015-09-01,168,134.16666666666666,22.36440624444721,1.5128205490245787,False
albiglutide,2015-10-01,433,135.16666666666666,23.93672213705689,12.442527912886284,True
albiglutide,2015-11-01,215,186.66666666666666,122.90755333447441,0.23052556628662552,False
albiglutide,2015-12-01,376,203.16666666666666,118.07356463945126,1.4637767044731493,False
albiglutide,2016-01-01,275,244.33333333333334,129.544844230354,0.23672626146460773,False
albiglutide,2016-02-01,384,263.1666666666667,123.2419030470833,0.980456568308347,False
albiglutide,2016-03-01,356,308.5,105.22499703017347,0.45141365018408397,False
albiglutide,2016-04-01,403,339.8333333333333,79.98353997333878,0.7897458237997752,False
albiglutide,2016-05-01,381,334.8333333333333,73.68423621553447,0.6265474006085118,False
albiglutide,2016-06-01,483,362.5,45.44337135380706,2.651651856149203,True
albiglutide,2016-07-01,427,380.3333333333333,67.46159401219835,0.6917516158635157,False
albiglutide,2016-08-01,29,405.6666666666667,44.69302704747882,-8.427862052541702,True
dulaglutide,2014-06-01,1,,,,False
dulaglutide,2014-10-01,1,,,,False
dulaglutide,2014-12-01,12,,,,False
dulaglutide,2015-01-01,23,4.666666666666667,6.3508529610858835,2.8867513459481287,True
dulaglutide,2015-02-01,53,9.25,10.531698185319721,4.1541258807609704,True
dulaglutide,2015-03-01,154,18.0,21.587033144922902,6.300078342724281,True
dulaglutide,2015-04-01,125,40.666666666666664,58.783217559662944,1.4346498343296352,False
dulaglutide,2015-05-01,76,61.333333333333336,63.64484791926733,0.23044546646212655,False
dulaglutide,2015-06-01,150,73.83333333333333,56.37523096774563,1.3510661572321443,False
dulaglutide,2015-07-01,136,96.83333333333333,54.21223724092805,0.7224691077146217,False
dulaglutide,2015-08-01,163,115.66666666666667,41.5916658318306,1.138048510120231,False
dulaglutide,2015-09-01,175,134.0,31.451550041293647,1.303592349062921,False
dulaglutide,2015-10-01,214,137.5,35.08133406813371,2.180646832056741,True
dulaglutide,2015-11-01,120,152.33333333333334,45.889722887228956,-0.7045876788750812,False
dulaglutide,2015-12-01,252,159.66666666666666,32.94035012969147,2.803046505875078,True
dulaglutide,2016-01-01,135,176.66666666666666,49.24090440544999,-0.8461799629751517,False
dulaglutide,2016-02-01,218,176.5,49.40748931083219,0.8399536300846087,False
dulaglutide,2016-03-01,385,185.66666666666666,51.46131232942533,3.8734599704204493,True
dulaglutide,2016-04-01,243,220.66666666666666,95.40579996345434,0.2340877948918015,False
dulaglutide,2016-05-01,345,225.5,95.73452877619441,1.2482434658383692,False
dulaglutide,2016-06-01,384,263.0,90.04221232288774,1.3438141609193128,False
dulaglutide,2016-07-01,312,285.0,102.13128805610941,0.26436560738533527,False
dulaglutide,2016-08-01,366,314.5,70.9387059368861,0.725978847793183,False
dulaglutide,2016-09-01,343,339.1666666666667,54.499235468643626,0.07033737813696193,False
dulaglutide,2016-10-01,365,332.1666666666667,49.94163259913179,0.6574341210844618,False
dulaglutide,2016-11-01,243,352.5,24.96998197836748,-4.385265479761433,True
exenatide,2013-01-01,5,,,,False
exenatide,2014-01-01,1,,,,False
exenatide,2014-03-01,56,,,,False
exenatide,2014-04-01,100,20.666666666666668,30.664855018951798,2.5871093564376206,True
exenatide,2014-05-01,2088,40.5,46.907710808920676,43.64954001572416,True
exenatide,2014-06-01,75,450.0,916.5705101081968,-0.4091338264371314,False
exenatide,2014-07-01,72,387.5,833.9776375898816,-0.3783075058364465,False
exenatide,2014-08-01,100,398.6666666666667,828.2607479934485,-0.3605949785622693,False
exenatide,2014-09-01,166,415.1666666666667,819.6961428887333,-0.3039744286078566,False
exenatide,2014-10-01,76,433.5,811.2429352542923,-0.4406818037656476,False
exenatide,2014-11-01,101,429.5,813.2728324492341,-0.403923489010074,False
exenatide,2014-12-01,1029,98.33333333333333,35.56777567780461,26.16600698051049,True
exenatide,2015-01-01,879,257.3333333333333,379.53532993209814,1.637967845517538,False
exenatide,2015-02-01,376,391.8333333333333,439.047795423991,-0.0360628922371492,False
exenatide,2015-03-01,455,437.8333333333333,416.2217758198946,0.04124403782779246,False
exenatide,2015-04-01,388,486.0,394.63502125381615,-0.24833072262223188,False
exenatide,2015-05-01,355,538.0,347.5525859492343,-0.5265390257425105,False
exenatide,2015-06-01,334,580.3333333333334,295.2054651707291,-0.8344470627969878,False
exenatide,2015-07-01,370,464.5,207.17408139050573,-0.4561381393161601,False
exenatide,2015-08-01,378,379.6666666666667,41.34085952984727,-0.04031523982861038,False
exenatide,2015-09-01,666,380.0,41.31343607108827,6.922687319153947,True
exenatide,2015-10-01,357,415.1666666666667,124.32604983134695,-0.46785582543298043,False
exenatide,2015-11-01,93,410.0,126.30914456206209,-2.5097153582909577,True
exenatide,2015-12-01,99,366.3333333333333,182.09521318987646,-1.4680964351027523,False
exenatide,2016-01-01,91,327.1666666666667,213.07784180122192,-1.1083586386564968,False
exenatide,2016-02-01,122,280.6666666666667,231.50694733995903,-0.6853646013208874,False
exenatide,2016-03-01,102,238.0,233.561983207884,-0.5822865439490293,False
exenatide,2016-04-01,72,144.0,104.93045315826987,-0.6861687701986777,False
exenatide,2016-05-01,104,96.5,16.30644044541483,0.4599409678099863,False
exenatide,2016-06-01,102,98.33333333333333,16.451950238999856,0.22287124708016226,False
exenatide,2016-07-01,24,98.83333333333333,16.521702898506785,-4.529395897810067,True
liraglutide,2012-11-01,1,,,,False
liraglutide,2013-02-01,36,,,,False
liraglutide,2013-09-01,9,,,,False
liraglutide,2014-03-01,72,15.333333333333334,18.33939293797189,3.089887809172668,True
liraglutide,2014-04-01,147,29.5,32.04684071792413,3.666508066558993,True
liraglutide,2014-05-01,211,53.0,59.42642509860407,2.6587498699078136,True
liraglutide,2014-06-01,96,79.33333333333333,83.58149715497244,0.19940617521799364,False
liraglutide,2014-07-01,124,95.16666666666667,74.25204823213072,0.38831700969639277,False
liraglutide,2014-08-01,126,109.83333333333333,68.71220173059999,0.23528087092961075,False
liraglutide,2014-09-01,461,129.33333333333334,47.78981760445071,6.9401115821747394,True
liraglutide,2014-10-01,122,194.16666666666666,136.31935543666083,-0.5293941306830638,False
liraglutide,2014-11-01,95,190.0,138.415317071486,-0.6863402259949041,False
liraglutide,2014-12-01,169,170.66666666666666,142.92328944810453,-0.011661267195167826,False
liraglutide,2015-01-01,106,182.83333333333334,138.3291967252997,-0.555438296124226,False
liraglutide,2015-02-01,220,179.83333333333334,140.0448737607581,0.28681283068800006,False
liraglutide,2015-03-01,233,195.5,138.0619426199704,0.27161721245095455,False
liraglutide,2015-04-01,180,157.5,59.25791086428887,0.3796961396686595,False
liraglutide,2015-05-01,149,167.16666666666666,56.99619870365628,-0.318734706521775,False
liraglutide,2015-06-01,200,176.16666666666666,46.64511407067915,0.5109502636700558,False
liraglutide,2015-07-01,226,181.33333333333334,47.403234770073134,0.9422704354105779,False
liraglutide,2015-08-01,2074,201.33333333333334,32.110226823656504,58.31994513620255,True
liraglutide,2015-09-01,7,510.3333333333333,766.6552462917518,-0.6565315189166384,False
liraglutide,2015-10-01,211,472.6666666666667,788.2536816702265,-0.3319574303950254,False
liraglutide,2015-11-01,2,477.8333333333333,786.0502316434151,-0.6053472337747379,False
liraglutide,2015-12-01,4,453.3333333333333,800.5072558488565,-0.5613107564613653,False
liraglutide,2016-01-01,214,420.6666666666667,816.7471252882784,-0.25303629516139625,False
liraglutide,2016-02-01,7,418.6666666666667,817.3336324088632,-0.5036702887820654,False
liraglutide,2016-03-01,4,74.16666666666667,107.17353529051283,-0.6547014286359735,False
liraglutide,2016-04-01,253,73.66666666666667,107.55587695085192,1.6673503895587256,False
liraglutide,2016-05-01,12,80.66666666666667,119.03556891394604,-0.5768583902539889,False
liraglutide,2016-06-01,17,82.33333333333333,117.77719077421908,-0.5547197458511169,False
liraglutide,2016-07-01,297,84.5,116.1563601358106,1.8294306032966592,False
liraglutide,2016-08-01,12,98.33333333333333,137.62218813355204,-0.6273213244477212,False
liraglutide,2016-09-01,12,99.16666666666667,136.97213828610109,-0.6363824625749578,False
liraglutide,2016-10-01,259,100.5,135.89518019414862,1.1663401142965975,False
liraglutide,2016-11-01,14,101.5,137.25705810631425,-0.6374899856313817,False
liraglutide,2016-12-01,10,101.83333333333333,136.9984184823562,-0.6703240398732078,False
liraglutide,2017-01-01,192,100.66666666666667,137.89222844912905,0.6623530155437864,False
liraglutide,2017-02-01,17,83.16666666666667,112.27540543977919,-0.5893246736228112,False
liraglutide,2017-03-01,8,84.0,111.65840765477596,-0.6806473564890504,False
liraglutide,2017-04-01,178,83.33333333333333,112.18496631307956,0.8438444987582044,False
liraglutide,2017-05-01,13,69.83333333333333,89.3720687165,-0.6359182924769948,False
liraglutide,2017-06-01,15,69.66666666666667,89.49785844737737,-0.6108153604458523,False
liraglutide,2017-07-01,221,70.5,88.85212434151549,1.6938255682163808,False
liraglutide,2017-08-01,18,75.33333333333333,97.18161691733059,-0.5899606854875139,False
liraglutide,2017-09-01,8,75.5,97.06235109454195,-0.6954292703486314,False
liraglutide,2017-10-01,197,75.5,97.06235109454195,1.2517726866275367,False
liraglutide,2017-11-01,13,78.66666666666667,101.29297441909186,-0.6482845137410608,False
liraglutide,2017-12-01,9,78.66666666666667,101.29297441909186,-0.6877739257455924,False
liraglutide,2018-01-01,163,77.66666666666667,102.07382948957483,0.8359961976546469,False
liraglutide,2018-02-01,11,68.0,87.48942793275157,-0.6515072889013841,False
liraglutide,2018-03-01,21,66.83333333333333,88.33213835669778,-0.5188749438879402,False
liraglutide,2018-04-01,13,69.0,86.74560507599294,-0.6455658468338719,False
liraglutide,2018-05-01,30,38.333333333333336,61.21002096607058,-0.13614328506687814,False
liraglutide,2018-06-01,21,41.166666666666664,60.18776176820998,-0.33506257874035633,False
liraglutide,2018-07-01,19,43.166666666666664,59.094556996958694,-0.4089491129937805,False
liraglutide,2018-08-01,19,19.166666666666668,6.765106552509014,-0.024636221968278568,False
liraglutide,2018-09-01,21,20.5,5.504543577821296,0.09083405243889459,False
liraglutide,2018-10-01,31,20.5,5.504543577821296,1.9075151012167864,False
liraglutide,2018-11-01,29,23.5,5.504543577821284,0.9991745768278426,False
liraglutide,2018-12-01,25,23.333333333333332,5.2788887719670905,0.3157230126759447,False
liraglutide,2019-01-01,18,24.0,5.176871642230811,-1.1590011139264962,False
liraglutide,2019-02-01,276,23.833333333333332,5.382068994986985,46.853109259941114,True
liraglutide,2019-03-01,28,66.66666666666667,102.66580086215077,-0.3766265527756838,False
liraglutide,2019-04-01,23,67.83333333333333,102.08117684797134,-0.43919295131269154,False
liraglutide,2019-05-01,21,66.5,102.70881169597929,-0.4429999651313381,False
liraglutide,2019-06-01,28,65.16666666666667,103.34295654115378,-0.3596439265008444,False
liraglutide,2019-07-01,15,65.66666666666667,103.11676229724632,-0.491352380911786,False
liraglutide,2019-08-01,19,65.16666666666667,103.400999350426,-0.4464818227743412,False
liraglutide,2019-09-01,27,22.333333333333332,5.125101625021891,0.9105510501261007,False
liraglutide,2019-10-01,22,22.166666666666668,4.915960401264644,-0.03390317518094581,False
liraglutide,2019-11-01,29,22.0,4.898979485580173,1.4288690166194906,False
liraglutide,2019-12-01,33,23.333333333333332,5.609515724802096,1.7232622459593352,False
liraglutide,2020-01-01,20,24.166666666666668,6.70571895226768,-0.6213601697783087,False
liraglutide,2020-02-01,277,25.0,5.549774770216828,45.407248119756474,True
liraglutide,2020-03-01,29,68.0,102.49682921925017,-0.38049957542174695,False
liraglutide,2020-04-01,4,68.33333333333333,102.33995635462622,-0.628623810532094,False
liraglutide,2020-05-01,17,65.33333333333333,104.21644144119871,-0.4637783891383789,False
liraglutide,2020-06-01,21,63.333333333333336,105.16399890964018,-0.4025458690450456,False
liraglutide,2020-07-01,25,61.333333333333336,105.96729055074873,-0.3428730992789984,False
liraglutide,2020-08-01,21,62.166666666666664,105.59624362005876,-0.38984972623445446,False
liraglutide,2020-09-01,19,19.5,8.61974477581178,-0.05800635784519636,False
liraglutide,2020-10-01,28,17.833333333333332,7.277820186484491,1.3969384247149994,False
liraglutide,2020-11-01,20,21.833333333333332,4.020779360621656,-0.45596466975742705,False
liraglutide,2020-12-01,20,22.333333333333332,3.444802848756527,-0.677348874747824,False
liraglutide,2021-01-01,15,22.166666666666668,3.5449494589910713,-2.0216555269891985,True
liraglutide,2021-02-01,34,20.5,4.230839160277125,3.190856349905708,True
liraglutide,2021-03-01,232,22.666666666666668,6.976149845495083,30.00700070519735,True
liraglutide,2021-04-01,34,58.166666666666664,85.4269668586378,-0.2828927159108552,False
liraglutide,2021-05-01,25,59.166666666666664,85.03744273357944,-0.4017837974468509,False
liraglutide,2021-06-01,32,60.0,84.60023640628987,-0.33096834228134914,False
liraglutide,2021-07-01,24,62.0,83.60143539437665,-0.4545376502298192,False
liraglutide,2021-08-01,29,63.5,82.6649865420671,-0.41734719187843106,False
liraglutide,2021-09-01,36,62.666666666666664,83.04617189652272,-0.3211065128913334,False
liraglutide,2021-10-01,26,30.0,4.8579831206102835,-0.8233869695902732,False
liraglutide,2021-11-01,42,28.666666666666668,4.633213427719592,2.8777723153357577,True
liraglutide,2021-12-01,20,31.5,6.685805860188761,-1.7200619103342194,False
liraglutide,2022-01-01,25,29.5,8.142481194337169,-0.5526570946371486,False
liraglutide,2022-02-01,245,29.666666666666668,8.016649341639006,26.860764910207283,True
liraglutide,2022-03-01,26,65.66666666666667,88.21942340928555,-0.44963643077371945,False
liraglutide,2022-04-01,27,64.0,88.98314447129935,-0.415809086314476,False
liraglutide,2022-05-01,26,64.16666666666667,88.8986314105386,-0.4293279442110979,False
liraglutide,2022-06-01,16,61.5,89.93052874302549,-0.5059460967922834,False
liraglutide,2022-07-01,26,60.833333333333336,90.3137125062789,-0.38569263035125045,False
liraglutide,2022-08-01,30,61.0,90.2352481018373,-0.3435464594169914,False
liraglutide,2022-09-01,37,25.166666666666668,4.7504385762581,2.490998071730547,True
liraglutide,2022-10-01,34,27.0,6.8117545463804205,1.0276353841492436,False
liraglutide,2022-11-01,35,28.166666666666668,7.38692538657329,0.9250578523175307,False
liraglutide,2022-12-01,37,29.666666666666668,7.76316086828045,0.9446324065364466,False
liraglutide,2023-01-01,41,33.166666666666664,4.355073669503276,1.7986683872162323,False
liraglutide,2023-02-01,57,35.666666666666664,3.6696957185576866,5.813379356073165,True
liraglutide,2023-03-01,43,40.166666666666664,8.588752334699167,0.3298888153854977,False
lixisenatide,2017-07-01,1,,,,False
lixisenatide,2017-10-01,2,,,,False
lixisenatide,2018-08-01,1,,,,False
lixisenatide,2019-01-01,1,1.3333333333333333,0.5773502691896257,-0.5773502691896256,False
lixisenatide,2019-03-01,2,1.25,0.5,1.5,False
lixisenatide,2019-06-01,1,1.4,0.5477225575051662,-0.7302967433402212,False
lixisenatide,2019-12-01,1,1.3333333333333333,0.5163977794943223,-0.6454972243679026,False
lixisenatide,2020-11-01,1,1.3333333333333333,0.5163977794943223,-0.6454972243679026,False
lixisenatide,2020-12-01,1,1.1666666666666667,0.408248290463863,-0.4082482904638632,False
lixisenatide,2021-03-01,1,1.1666666666666667,0.408248290463863,-0.4082482904638632,False
lixisenatide,2021-07-01,2,1.1666666666666667,0.408248290463863,2.0412414523193148,True
lixisenatide,2021-09-01,1,1.1666666666666667,0.408248290463863,-0.4082482904638632,False
lixisenatide,2022-03-01,1,1.1666666666666667,0.408248290463863,-0.4082482904638632,False
lixisenatide,2022-04-01,1,1.1666666666666667,0.408248290463863,-0.4082482904638632,False
lixisenatide,2022-07-01,1,1.1666666666666667,0.408248290463863,-0.4082482904638632,False
lixisenatide,2022-09-01,1,1.1666666666666667,0.408248290463863,-0.4082482904638632,False
semaglutide,2014-05-01,1,,,,False
semaglutide,2014-08-01,1,,,,False
semaglutide,2014-10-01,1,,,,False
semaglutide,2015-02-01,1,1.0,0.0,,False
semaglutide,2015-05-01,2,1.0,0.0,inf,True
semaglutide,2015-08-01,1,1.2,0.4472135954999579,-0.44721359549995787,False
semaglutide,2015-09-01,2,1.1666666666666667,0.408248290463863,2.0412414523193148,True
semaglutide,2015-10-01,1,1.3333333333333333,0.5163977794943223,-0.6454972243679026,False
semaglutide,2016-02-01,1,1.3333333333333333,0.5163977794943223,-0.6454972243679026,False
semaglutide,2016-05-01,2,1.3333333333333333,0.5163977794943223,1.2909944487358056,False
semaglutide,2016-06-01,1,1.5,0.5477225575051663,-0.9128709291752766,False
semaglutide,2016-07-01,3,1.3333333333333333,0.5163977794943223,3.227486121839514,True
semaglutide,2016-08-01,2,1.6666666666666667,0.8164965809277263,0.4082482904638628,False
semaglutide,2016-09-01,1,1.6666666666666667,0.8164965809277263,-0.8164965809277259,False
semaglutide,2016-10-01,2,1.6666666666666667,0.8164965809277263,0.4082482904638628,False
semaglutide,2016-12-01,3,1.8333333333333333,0.7527726527090812,1.5498260496951664,False
semaglutide,2017-01-01,1,2.0,0.8944271909999161,-1.1180339887498947,False
semaglutide,2017-02-01,2,2.0,0.8944271909999161,0.0,False
semaglutide,2017-03-01,1,1.8333333333333333,0.7527726527090812,-1.1070186069251187,False
semaglutide,2017-04-01,1,1.6666666666666667,0.8164965809277263,-0.8164965809277259,False
semaglutide,2017-05-01,2,1.6666666666666667,0.8164965809277263,0.4082482904638628,False
semaglutide,2017-06-01,2,1.6666666666666667,0.8164965809277263,0.4082482904638628,False
semaglutide,2017-07-01,1,1.5,0.5477225575051663,-0.9128709291752766,False
semaglutide,2017-09-01,1,1.5,0.5477225575051663,-0.9128709291752766,False
semaglutide,2017-12-01,4,1.3333333333333333,0.5163977794943224,5.1639777949432215,True
semaglutide,2018-01-01,4,1.8333333333333333,1.1690451944500124,1.8533643326646532,False
semaglutide,2018-02-01,3,2.3333333333333335,1.3662601021279466,0.48795003647426644,False
semaglutide,2018-03-01,19,2.5,1.3784048752090223,11.97035812681519,True
semaglutide,2018-04-01,8,5.333333333333333,6.831300510639732,0.3903600291794133,False
semaglutide,2018-05-01,11,6.5,6.534523701081816,0.688650038755695,False
semaglutide,2018-06-01,141,8.166666666666666,6.112828041640518,21.730258470952254,True
semaglutide,2018-07-01,21,31.0,54.19594080740734,-0.18451566392280858,False
semaglutide,2018-08-01,28,33.833333333333336,52.931717019823445,-0.11020487642879023,False
semaglutide,2018-09-01,338,38.0,50.966655766294885,5.8862013897014425,True
semaglutide,2018-10-01,26,91.16666666666667,130.8944867695606,-0.4978564664942109,False
semaglutide,2018-11-01,32,94.16666666666667,128.79660968622844,-0.4826731605600162,False
semaglutide,2018-12-01,511,97.66666666666667,126.34661319824394,3.2714239255847195,True
semaglutide,2019-01-01,37,159.33333333333334,212.58755059190713,-0.575449187841531,False
semaglutide,2019-02-01,51,162.0,210.59629626372828,-0.5270747965149182,False
semaglutide,2019-03-01,58,165.83333333333334,207.86093107331806,-0.5187763413572783,False
semaglutide,2019-04-01,80,119.16666666666667,192.32827838533436,-0.2036448669716437,False
semaglutide,2019-05-01,80,128.16666666666666,188.3182589837392,-0.25577268463822045,False
semaglutide,2019-06-01,70,136.16666666666666,184.39459500393897,-0.35883192056281926,False
semaglutide,2019-07-01,648,62.666666666666664,17.154202594893896,34.1218619807815,True
semaglutide,2019-08-01,99,164.5,237.152904262208,-0.27619311770089033,False
semaglutide,2019-09-01,100,172.5,233.33730948993133,-0.3107089910245512,False
semaglutide,2019-10-01,116,179.5,229.81884169928279,-0.2763045863884805,False
semaglutide,2019-11-01,141,185.5,227.1561137191777,-0.19590051648362514,False
semaglutide,2019-12-01,121,195.66666666666666,222.81352442494747,-0.3351083236952135,False
semaglutide,2020-01-01,916,204.16666666666666,217.9811153899958,3.265573405566686,True
semaglutide,2020-02-01,126,248.83333333333334,327.20844528628334,-0.3753978086533286,False
semaglutide,2020-03-01,153,253.33333333333334,324.91332177469525,-0.30880030644883044,False
semaglutide,2020-04-01,232,262.1666666666667,320.6028176212222,-0.09409357937180467,False
semaglutide,2020-05-01,100,281.5,313.44329630732256,-0.5790521033253946,False
semaglutide,2020-06-01,808,274.6666666666667,317.539078959845,1.6795832975278513,False
semaglutide,2020-07-01,181,389.1666666666667,370.4928699268944,-0.5618641641004916,False
semaglutide,2020-08-01,13,266.6666666666667,269.09750401418944,-0.9426570773889115,False
semaglutide,2020-09-01,8,247.83333333333334,284.42884288810563,-0.8432103119291732,False
semaglutide,2020-10-01,157,223.66666666666666,299.8404019919042,-0.22234050589508844,False
semaglutide,2020-11-01,16,211.16666666666666,300.98466184619224,-0.6484272835351318,False
semaglutide,2020-12-01,17,197.16666666666666,309.03554272391824,-0.5829965869900647,False
semaglutide,2021-01-01,264,65.33333333333333,80.7184406853026,2.461230234132117,True
semaglutide,2021-02-01,14,79.16666666666667,107.25561368369821,-0.6075828054916192,False
semaglutide,2021-03-01,20,79.33333333333333,107.13293922350265,-0.5538290442078796,False
semaglutide,2021-04-01,28,81.33333333333333,105.63648359665666,-0.5048760761194184,False
semaglutide,2021-05-01,33,59.833333333333336,100.14073430261391,-0.267956227005946,False
semaglutide,2021-06-01,27,62.666666666666664,98.88511852987139,-0.3606879093328124,False
semaglutide,2021-07-01,294,64.33333333333333,98.04216779869115,2.3425294628148023,True
semaglutide,2021-08-01,42,69.33333333333333,110.26453041058448,-0.24788872025803824,False
semaglutide,2021-09-01,191,74.0,108.02407139151923,1.0830919302786568,False
semaglutide,2021-10-01,46,102.5,113.35387068821268,-0.4984390886430953,False
semaglutide,2021-11-01,68,105.5,111.20566532331004,-0.3372130357835245,False
semaglutide,2021-12-01,393,111.33333333333333,107.49821703947795,2.6201984965315903,True
semaglutide,2022-01-01,309,172.33333333333334,146.74967348061355,0.9312911124447653,False
semaglutide,2022-02-01,51,174.83333333333334,149.34177803503846,-0.8291941810434295,False
semaglutide,2022-03-01,516,176.33333333333334,147.7777610693392,2.2984965004801414,True
semaglutide,2022-04-01,62,230.5,203.34478109850772,-0.8286418716513426,False
semaglutide,2022-05-01,74,233.16666666666666,200.52672307367584,-0.7937429197812552,False
semaglutide,2022-06-01,679,234.16666666666666,199.5509124676374,2.229172133730409,True
semaglutide,2022-07-01,311,281.8333333333333,267.6261696222301,0.10898286482161715,False
semaglutide,2022-08-01,66,282.1666666666667,267.66801577078024,-0.8075924426166137,False
semaglutide,2022-09-01,70,284.6666666666667,265.13518564435515,-0.809649862748185,False
semaglutide,2022-10-01,61,210.33333333333334,249.35810928595583,-0.5988709721971893,False
semaglutide,2022-11-01,62,210.16666666666666,249.47738708481515,-0.593908203056072,False
semaglutide,2022-12-01,64,208.16666666666666,250.8317497181461,-0.5747544592287995,False
semaglutide,2023-01-01,482,105.66666666666667,100.64326438796937,3.739279877514776,True
semaglutide,2023-02-01,68,134.16666666666666,170.43288023930916,-0.38822712245289964,False
semaglutide,2023-03-01,111,134.5,170.2747779326111,-0.1380122193393815,False
semaglutide,2023-04-01,119,141.33333333333334,167.9757919066515,-0.13295566628877425,False
semaglutide,2023-05-01,106,151.0,164.0512115164043,-0.2743045880858992,False
semaglutide,2023-06-01,134,158.33333333333334,160.21568795429081,-0.15187859343883722,False
semaglutide,2023-07-01,850,170.0,154.41632038097535,4.403679600202276,True
semaglutide,2023-08-01,144,231.33333333333334,303.8773875540374,-0.2873966175512259,False
semaglutide,2023-09-01,160,244.0,297.21843818982694,-0.2826204205620347,False
semaglutide,2023-10-01,141,252.16666666666666,293.48282175736733,-0.37878423684563073,False
semaglutide,2023-11-01,116,255.83333333333334,291.61784353270747,-0.47950883814024853,False
semaglutide,2023-12-01,127,257.5,290.6171020432211,-0.4490444611913851,False
semaglutide,2024-01-01,1116,256.3333333333333,291.2254567627402,2.9518939594866276,True
semaglutide,2024-02-01,190,300.6666666666667,399.7137308958333,-0.27686481127041085,False
semaglutide,2024-03-01,212,308.3333333333333,396.53633713276093,-0.24293696267507706,False
semaglutide,2024-04-01,214,317.0,393.2002034587469,-0.26195306893020565,False
semaglutide,2024-05-01,203,329.1666666666667,387.7568396130062,-0.32537573493889904,False
semaglutide,2024-06-01,192,343.6666666666667,379.7349953147149,-0.3994013418251566,False
semaglutide,2024-07-01,483,354.5,373.1882902771735,0.3443302036742921,False
semaglutide,2024-08-01,99,249.0,115.0617225666292,-1.3036481347056053,False
semaglutide,2024-09-01,120,233.83333333333334,129.487322416778,-0.8791079405205438,False
semaglutide,2024-10-01,128,218.5,137.7719129576125,-0.6568828003995533,False
semaglutide,2024-11-01,88,204.16666666666666,142.71848747330048,-0.8139566830008544,False
semaglutide,2024-12-01,98,185.0,150.4207432503907,-0.5783776766425067,False
semaglutide,2025-01-01,36,169.33333333333334,154.38868697759764,-0.8636211366489599,False
tirzepatide,2015-07-01,1,,,,False
tirzepatide,2016-06-01,1,,,,False
tirzepatide,2016-08-01,1,,,,False
tirzepatide,2016-09-01,1,1.0,0.0,,False
tirzepatide,2016-10-01,1,1.0,0.0,,False
tirzepatide,2017-05-01,2,1.0,0.0,inf,True
tirzepatide,2017-08-01,1,1.1666666666666667,0.408248290463863,-0.4082482904638632,False
tirzepatide,2017-09-01,3,1.1666666666666667,0.408248290463863,4.490731195102493,True
tirzepatide,2018-05-01,1,1.5,0.8366600265340755,-0.5976143046671969,False
tirzepatide,2018-07-01,1,1.5,0.8366600265340755,-0.5976143046671969,False
tirzepatide,2018-11-01,1,1.5,0.8366600265340755,-0.5976143046671969,False
tirzepatide,2018-12-01,1,1.5,0.8366600265340755,-0.5976143046671969,False
tirzepatide,2019-01-01,1,1.3333333333333333,0.816496580927726,-0.4082482904638629,False
tirzepatide,2019-03-01,3,1.3333333333333333,0.816496580927726,2.041241452319315,True
tirzepatide,2019-05-01,3,1.3333333333333333,0.816496580927726,2.041241452319315,True
tirzepatide,2019-06-01,1,1.6666666666666667,1.0327955589886444,-0.6454972243679029,False
tirzepatide,2019-07-01,1,1.6666666666666667,1.0327955589886444,-0.6454972243679029,False
tirzepatide,2019-08-01,1,1.6666666666666667,1.0327955589886444,-0.6454972243679029,False
tirzepatide,2019-10-01,5,1.6666666666666667,1.0327955589886444,3.2274861218395143,True
tirzepatide,2019-11-01,2,2.3333333333333335,1.6329931618554518,-0.20412414523193162,False
tirzepatide,2019-12-01,3,2.1666666666666665,1.6020819787597218,0.5201564866102996,False
tirzepatide,2020-01-01,2,2.1666666666666665,1.6020819787597218,-0.1040312973220598,False
tirzepatide,2020-02-01,1,2.3333333333333335,1.5055453054181616,-0.8856148855400956,False
tirzepatide,2020-03-01,1,2.3333333333333335,1.5055453054181613,-0.8856148855400958,False
tirzepatide,2020-04-01,2,2.3333333333333335,1.5055453054181613,-0.221403721385024,False
tirzepatide,2020-05-01,1,1.8333333333333333,0.7527726527090801,-1.1070186069251202,False
tirzepatide,2020-06-01,1,1.6666666666666667,0.8164965809277253,-0.8164965809277269,False
tirzepatide,2020-07-01,2,1.3333333333333333,0.5163977794943213,1.290994448735808,False
tirzepatide,2020-08-01,7,1.3333333333333333,0.5163977794943213,10.973452814254369,True
tirzepatide,2020-09-01,2,2.3333333333333335,2.338090388900024,-0.14256648712805034,False
tirzepatide,2020-10-01,1,2.5,2.258317958127243,-0.6642111641550715,False
tirzepatide,2020-11-01,4,2.3333333333333335,2.338090388900024,0.7128324356402513,False
tirzepatide,2020-12-01,3,2.8333333333333335,2.3166067138525404,0.07194430788361922,False
tirzepatide,2021-01-01,1,3.1666666666666665,2.1369760566432805,-1.0138937495022866,False
tirzepatide,2021-02-01,3,3.0,2.2803508501982757,0.0,False
tirzepatide,2021-03-01,4,2.3333333333333335,1.2110601416389966,1.3762047064079508,False
tirzepatide,2021-04-01,3,2.6666666666666665,1.3662601021279461,0.24397501823713347,False
tirzepatide,2021-05-01,4,3.0,1.0954451150103317,0.9128709291752773,False
tirzepatide,2021-06-01,1,3.0,1.0954451150103317,-1.8257418583505547,False
tirzepatide,2021-07-01,2,2.6666666666666665,1.3662601021279461,-0.4879500364742666,False
tirzepatide,2021-09-01,2,2.8333333333333335,1.1690451944500118,-0.7128324356402517,False
tirzepatide,2021-11-01,7,2.6666666666666665,1.2110601416389963,3.5781322366606734,True
tirzepatide,2021-12-01,2,3.1666666666666665,2.1369760566432805,-0.5459427881935389,False
tirzepatide,2022-01-01,2,3.0,2.1908902300206643,-0.45643546458763845,False
tirzepatide,2022-02-01,9,2.6666666666666665,2.1602468994692865,2.931763649279747,True
tirzepatide,2022-03-01,8,4.0,3.1622776601683786,1.264911064067352,False
tirzepatide,2022-04-01,5,5.0,3.3466401061363014,0.0,False
tirzepatide,2022-05-01,2,5.5,3.01662062579967,-1.1602387022306433,False
tirzepatide,2022-06-01,9,4.666666666666667,3.2041639575194436,1.3524068651867787,False
tirzepatide,2022-07-01,128,5.833333333333333,3.31159578853861,36.89057314587846,True
tirzepatide,2022-08-01,385,26.833333333333332,49.636344211340415,7.215814789696707,True
tirzepatide,2022-09-01,758,89.5,152.78841579125034,4.37533170651726,True
tirzepatide,2022-10-01,1335,214.5,304.37526180686893,3.681311001913735,True
tirzepatide,2022-11-01,1325,436.1666666666667,525.3636518323918,1.691843983178532,False
tirzepatide,2022-12-01,947,656.6666666666666,581.3496939593816,0.4994125503979687,False
tirzepatide,2023-01-01,1,813.0,491.53189113220316,-1.6519782635662257,False
tirzepatide,2023-02-01,2,791.8333333333334,528.2894724170327,-1.4950767989369234,False
tirzepatide,2023-04-01,2,728.0,604.8675888159325,-1.2002626912465122,False
tirzepatide,2023-05-01,2,602.0,672.3457443904884,-0.89239800356575,False
tirzepatide,2023-06-01,1,379.8333333333333,597.7970948964762,-0.633715581034963,False
tirzepatide,2023-07-01,2,159.16666666666666,385.95824471912323,-0.4072115800532851,False
tirzepatide,2023-10-01,2,1.6666666666666667,0.5163977794402217,0.6454972244355284,False
tirzepatide,2023-11-01,2,1.8333333333333333,0.40824829039544447,0.40824829053228173,False
tirzepatide,2023-12-01,18,1.8333333333333333,0.40824829039544447,39.60008418163132,True
tirzepatide,2024-01-01,303,4.5,6.6257075093867766,45.05179251832486,True
tirzepatide,2024-02-01,541,54.666666666666664,121.83212493700755,3.991831658397065,True
tirzepatide,2024-03-01,675,144.66666666666666,227.70829292466848,2.3290031580394865,True
tirzepatide,2024-04-01,801,256.8333333333333,298.2169791723245,1.8247340180862752,False
tirzepatide,2024-05-01,706,390.0,337.4741471579712,0.9363680230357937,False
tirzepatide,2024-06-01,771,507.3333333333333,295.34838185889333,0.8927310351496592,False
tirzepatide,2024-07-01,1005,632.8333333333334,185.32395060182233,2.008195192570037,True
tirzepatide,2024-08-01,131,749.8333333333334,154.4725434071269,-4.006105678614613,True
